https://habr.com/ru/post/442484/,striver,50
https://habr.com/ru/post/442484/,Zenitchik,28
https://habr.com/ru/post/442484/,Zelenyikot,22
https://habr.com/ru/post/442484/,Valerij56,18
https://habr.com/ru/post/442484/,SomaTayron,18
https://habr.com/ru/post/442484/,Alexeyslav,15
https://habr.com/ru/post/442484/,Mike_soft,14
https://habr.com/ru/post/442484/,multiadmin,14
https://habr.com/ru/post/442484/,oleg_go,14
https://habr.com/ru/post/442484/,lingvo,11
https://habr.com/ru/post/442484/,troll_face,10
https://habr.com/ru/post/442484/,balexa,8
https://habr.com/ru/post/442484/,petrovichtim,8
https://habr.com/ru/post/442484/,Chamie,7
https://habr.com/ru/post/442484/,puyol_dev2,7
https://habr.com/ru/post/442484/,artemerschow,6
https://habr.com/ru/post/442484/,Eklykti,6
https://habr.com/ru/post/442484/,MyshinyjKorol,6
https://habr.com/ru/post/442484/,Popadanec,5
https://habr.com/ru/post/442484/,Stas911,5
https://habr.com/ru/post/442484/,Daemonis,5
https://habr.com/ru/post/442484/,DMGarikk,4
https://habr.com/ru/post/442484/,ncix,4
https://habr.com/ru/post/442484/,DareDen,4
https://habr.com/ru/post/442484/,saboteur_kiev,4
https://habr.com/ru/post/442484/,Dolios,4
https://habr.com/ru/post/442484/,Skigh,4
https://habr.com/ru/post/442484/,Nordosten,3
https://habr.com/ru/post/442484/,DmitryYF,3
https://habr.com/ru/post/442484/,tvr,3
https://habr.com/ru/post/442484/,port443,3
https://habr.com/ru/post/442484/,Quarc,3
https://habr.com/ru/post/442484/,tyderh,3
https://habr.com/ru/post/442484/,nicholas_k,3
https://habr.com/ru/post/442484/,Belking,3
https://habr.com/ru/post/442484/,Prometheus,3
https://habr.com/ru/post/442484/,radonit,3
https://habr.com/ru/post/442484/,arkamax,3
https://habr.com/ru/post/442484/,dimitry78,3
https://habr.com/ru/post/442484/,GeorgKDeft,3
https://habr.com/ru/post/442484/,Dmitry_Dor,3
https://habr.com/ru/post/442484/,MEG123,3
https://habr.com/ru/post/442484/,svitoglad,2
https://habr.com/ru/post/442484/,Iwanowsky,2
https://habr.com/ru/post/442484/,Al_Azif,2
https://habr.com/ru/post/442484/,tlv,2
https://habr.com/ru/post/442484/,solariserj,2
https://habr.com/ru/post/442484/,encyclopedist,2
https://habr.com/ru/post/442484/,KonkovVladimir,2
https://habr.com/ru/post/442484/,qwertyqwerty,2
https://habr.com/ru/post/442484/,General_Failure,2
https://habr.com/ru/post/442484/,Arson,2
https://habr.com/ru/post/442484/,Bronx,2
https://habr.com/ru/post/442484/,omikron24,2
https://habr.com/ru/post/442484/,balsoft,2
https://habr.com/ru/post/442484/,auine,2
https://habr.com/ru/post/442484/,Jeka_M3,2
https://habr.com/ru/post/442484/,Daemon_Hell,2
https://habr.com/ru/post/442484/,metric_ghost,2
https://habr.com/ru/post/442484/,ReklatsMasters,1
https://habr.com/ru/post/442484/,sergof,1
https://habr.com/ru/post/442484/,Farakhm,1
https://habr.com/ru/post/442484/,kuza2000,1
https://habr.com/ru/post/442484/,mazy,1
https://habr.com/ru/post/442484/,Wan-Derer,1
https://habr.com/ru/post/442484/,AlexSky,1
https://habr.com/ru/post/442484/,terek_ambrosovich,1
https://habr.com/ru/post/442484/,8street,1
https://habr.com/ru/post/442484/,artyums,1
https://habr.com/ru/post/442484/,BSW,1
https://habr.com/ru/post/442484/,Whisky667,1
https://habr.com/ru/post/442484/,beeruser,1
https://habr.com/ru/post/442484/,lamik,1
https://habr.com/ru/post/442484/,Beshere,1
https://habr.com/ru/post/442484/,firedragon,1
https://habr.com/ru/post/442484/,yulai-b,1
https://habr.com/ru/post/442484/,DolinEA,1
https://habr.com/ru/post/442484/,matraskin,1
https://habr.com/ru/post/442484/,DeathGoddess,1
https://habr.com/ru/post/442484/,BeppeGrillo,1
https://habr.com/ru/post/442484/,Nikoobraz,1
https://habr.com/ru/post/442484/,struvv,1
https://habr.com/ru/post/442484/,echo1,1
https://habr.com/ru/post/442484/,Lasenokk,1
https://habr.com/ru/post/442484/,Moskus,1
https://habr.com/ru/post/442484/,ReaderReader,1
https://habr.com/ru/post/442484/,Lamaster,1
https://habr.com/ru/post/442484/,unclejocker,1
https://habr.com/ru/post/442484/,hatari90,1
https://habr.com/ru/post/442484/,river-fall,1
https://habr.com/ru/post/442484/,zuek,1
https://habr.com/ru/post/442484/,sena,1
https://habr.com/ru/post/442484/,Alexsandr_SE,1
https://habr.com/ru/post/442484/,opetrenko,1
https://habr.com/ru/post/442484/,shamaner,1
https://habr.com/ru/post/442484/,catsmile,1
https://habr.com/ru/post/442484/,keydet,1
https://habr.com/ru/post/442484/,saag,1
https://habr.com/ru/post/442484/,Goyza,1
https://habr.com/ru/post/442484/,minusnaminus,1
https://habr.com/ru/post/442484/,Scrayer,1
https://habr.com/ru/post/442484/,amarao,1
https://habr.com/ru/post/442484/,Andriy1218,1
https://habr.com/ru/post/442484/,theurs,1
https://habr.com/ru/post/442484/,Grox,1
https://habr.com/ru/post/442484/,a5b,1
https://habr.com/ru/post/442484/,Art3,1
https://habr.com/ru/post/442484/,chapai22,1
https://habr.com/ru/post/442484/,zenkov,1
https://habr.com/ru/post/442484/,Areso,1
https://habr.com/ru/post/442484/,Kriminalist,1
https://habr.com/ru/post/442484/,beerchaser,1
https://habr.com/ru/post/442484/,gbg,1
https://habr.com/ru/post/442484/,DmitrySpb79,1
https://habr.com/ru/post/442484/,pokryshkin,1
https://habr.com/ru/post/442484/,SergeyMax,1
https://habr.com/ru/post/442484/,tnenergy,1
https://habr.com/ru/post/442484/,stalinets,1
https://habr.com/ru/post/442444/,Victor_koly,102
https://habr.com/ru/post/442444/,Tzimie,69
https://habr.com/ru/post/442444/,Tyusha,29
https://habr.com/ru/post/442444/,vlad9486,18
https://habr.com/ru/post/442444/,Bronx,18
https://habr.com/ru/post/442444/,Comod,18
https://habr.com/ru/post/442444/,TheShock,16
https://habr.com/ru/post/442444/,thedeemon,15
https://habr.com/ru/post/442444/,Sdima1357,13
https://habr.com/ru/post/442444/,taujavarob,10
https://habr.com/ru/post/442444/,4tlen,9
https://habr.com/ru/post/442444/,saboteur_kiev,8
https://habr.com/ru/post/442444/,Space__Elf,7
https://habr.com/ru/post/442444/,Artemis86,7
https://habr.com/ru/post/442444/,dolovar,7
https://habr.com/ru/post/442444/,stanislavkulikov,6
https://habr.com/ru/post/442444/,vedenin1980,6
https://habr.com/ru/post/442444/,yul,6
https://habr.com/ru/post/442444/,Nuwen,5
https://habr.com/ru/post/442444/,pda0,5
https://habr.com/ru/post/442444/,niknamezanat,5
https://habr.com/ru/post/442444/,IsyanovDV,4
https://habr.com/ru/post/442444/,happy-cat,4
https://habr.com/ru/post/442444/,dubakov,4
https://habr.com/ru/post/442444/,trapwalker,4
https://habr.com/ru/post/442444/,Zolg,4
https://habr.com/ru/post/442444/,Gutt,4
https://habr.com/ru/post/442444/,valemak,4
https://habr.com/ru/post/442444/,forever_live,3
https://habr.com/ru/post/442444/,Apsidopsius,2
https://habr.com/ru/post/442444/,Kriminalist,2
https://habr.com/ru/post/442444/,maxzhurkin,2
https://habr.com/ru/post/442444/,hurtavy,2
https://habr.com/ru/post/442444/,Stas911,2
https://habr.com/ru/post/442444/,KvanTTT,2
https://habr.com/ru/post/442444/,neurocore,2
https://habr.com/ru/post/442444/,Varim,2
https://habr.com/ru/post/442444/,Shkaff,2
https://habr.com/ru/post/442444/,Manyak872,2
https://habr.com/ru/post/442444/,Fasterpast,2
https://habr.com/ru/post/442444/,andrey_ssh,2
https://habr.com/ru/post/442444/,ozeon,2
https://habr.com/ru/post/442444/,legolegs,2
https://habr.com/ru/post/442444/,PastorGL,2
https://habr.com/ru/post/442444/,WinPooh73,2
https://habr.com/ru/post/442444/,1Tiger1,2
https://habr.com/ru/post/442444/,kauri_39,2
https://habr.com/ru/post/442444/,411,2
https://habr.com/ru/post/442444/,Razoomnick,2
https://habr.com/ru/post/442444/,Aquahawk,2
https://habr.com/ru/post/442444/,Lemko,2
https://habr.com/ru/post/442444/,Wesha,2
https://habr.com/ru/post/442444/,Static_electro,2
https://habr.com/ru/post/442444/,mrhru,2
https://habr.com/ru/post/442444/,SergeiMinaev,2
https://habr.com/ru/post/442444/,botyaslonim,2
https://habr.com/ru/post/442444/,DrZlodberg,2
https://habr.com/ru/post/442444/,vadim_bv,2
https://habr.com/ru/post/442444/,ebragim,1
https://habr.com/ru/post/442444/,babylon,1
https://habr.com/ru/post/442444/,arthur_veber,1
https://habr.com/ru/post/442444/,Viknet,1
https://habr.com/ru/post/442444/,NumLock,1
https://habr.com/ru/post/442444/,SadOcean,1
https://habr.com/ru/post/442444/,vsb,1
https://habr.com/ru/post/442444/,MedicusAmicus,1
https://habr.com/ru/post/442444/,Daemonis,1
https://habr.com/ru/post/442444/,dax,1
https://habr.com/ru/post/442444/,hoobastank,1
https://habr.com/ru/post/442444/,semennikov,1
https://habr.com/ru/post/442444/,HappyLynx,1
https://habr.com/ru/post/442444/,serjmd,1
https://habr.com/ru/post/442444/,alexey_c,1
https://habr.com/ru/post/442444/,Sergey_Cheban,1
https://habr.com/ru/post/442444/,Kanumowa,1
https://habr.com/ru/post/442444/,Wizard_of_light,1
https://habr.com/ru/post/442444/,Dmitry88,1
https://habr.com/ru/post/442444/,DayFan,1
https://habr.com/ru/post/442444/,catsmile,1
https://habr.com/ru/post/442444/,igordata,1
https://habr.com/ru/post/442444/,MMTRIX,1
https://habr.com/ru/post/442444/,mikeus,1
https://habr.com/ru/post/442444/,dm9,1
https://habr.com/ru/post/442444/,Miamy,1
https://habr.com/ru/post/442444/,a5b,1
https://habr.com/ru/post/442444/,Welran,1
https://habr.com/ru/post/442444/,Fullmoon,1
https://habr.com/ru/post/442444/,antihydrogen,1
https://habr.com/ru/post/442444/,zahmTOD,1
https://habr.com/ru/post/442444/,Marsikus,1
https://habr.com/ru/post/442444/,vanxant,1
https://habr.com/ru/post/442444/,gasizdat,1
https://habr.com/ru/post/442444/,iago,1
https://habr.com/ru/post/442444/,namazi74,1
https://habr.com/ru/post/442444/,Norrius,1
https://habr.com/ru/post/442444/,Vsevo10d,1
https://habr.com/ru/post/442444/,REPISOT,1
https://habr.com/ru/post/442444/,Alex_ME,1
https://habr.com/ru/post/442444/,Dimmis,1
https://habr.com/ru/post/442444/,progman_rus,1
https://habr.com/ru/post/442444/,gturk,1
https://habr.com/ru/post/442444/,dempfi,1
https://habr.com/ru/post/442444/,DjSapsan,1
https://habr.com/ru/post/442444/,unclejocker,1
https://habr.com/ru/post/442444/,Grief,1
https://habr.com/ru/post/442444/,aghast,1
https://habr.com/ru/post/442444/,vesper-bot,1
https://habr.com/ru/post/442444/,funca,1
https://habr.com/ru/post/442444/,devlev,1
https://habr.com/ru/post/442444/,tretyakovpe,1
https://habr.com/ru/post/442444/,irnis,1
https://habr.com/ru/post/442444/,S_h_e_l_d_o_n,1
https://habr.com/ru/post/442444/,berrics,1
https://habr.com/ru/post/442444/,gdsmiler,1
https://habr.com/ru/post/442444/,VasikAlexey,1
https://habr.com/ru/post/442444/,AlexAV1000,1
https://habr.com/ru/post/442444/,solariserj,1
https://habr.com/ru/post/442444/,akura13,1
https://habr.com/ru/post/442444/,floydback,1
https://habr.com/ru/post/442444/,bromzh,1
https://habr.com/ru/post/442444/,tlv,1
https://habr.com/ru/post/442444/,Linloil,1
https://habr.com/ru/post/442444/,Grigoriy_Chumakin,1
https://habr.com/ru/post/442444/,perfect_genius,1
https://habr.com/ru/post/442846/,ommunist,10
https://habr.com/ru/post/442846/,AlexanderS,8
https://habr.com/ru/post/442846/,Space__Elf,8
https://habr.com/ru/post/442846/,Eklykti,8
https://habr.com/ru/post/442846/,kluwert,8
https://habr.com/ru/post/442846/,hhba,8
https://habr.com/ru/post/442846/,5oclock,8
https://habr.com/ru/post/442846/,striver,7
https://habr.com/ru/post/442846/,Tim_23,7
https://habr.com/ru/post/442846/,Wan-Derer,6
https://habr.com/ru/post/442846/,befart,6
https://habr.com/ru/post/442846/,MyshinyjKorol,6
https://habr.com/ru/post/442846/,lingvo,6
https://habr.com/ru/post/442846/,VMichael,6
https://habr.com/ru/post/442846/,JINR,6
https://habr.com/ru/post/442846/,Ryppka,5
https://habr.com/ru/post/442846/,nehrung,5
https://habr.com/ru/post/442846/,semennikov,5
https://habr.com/ru/post/442846/,radonit,5
https://habr.com/ru/post/442846/,troll_face,4
https://habr.com/ru/post/442846/,saipr,4
https://habr.com/ru/post/442846/,sinc_func,4
https://habr.com/ru/post/442846/,mmmmmike,3
https://habr.com/ru/post/442846/,Kolyagrozamorey,3
https://habr.com/ru/post/442846/,adson,3
https://habr.com/ru/post/442846/,Simplevolk,3
https://habr.com/ru/post/442846/,Zenitchik,3
https://habr.com/ru/post/442846/,oleg_go,3
https://habr.com/ru/post/442846/,NeoPhix,3
https://habr.com/ru/post/442846/,lubezniy,3
https://habr.com/ru/post/442846/,JamboJet,3
https://habr.com/ru/post/442846/,evocatus,3
https://habr.com/ru/post/442846/,igsend,3
https://habr.com/ru/post/442846/,darthmaul,3
https://habr.com/ru/post/442846/,teifo,3
https://habr.com/ru/post/442846/,Am0ralist,3
https://habr.com/ru/post/442846/,nicholas_k,3
https://habr.com/ru/post/442846/,ianzag,3
https://habr.com/ru/post/442846/,mikeee1,2
https://habr.com/ru/post/442846/,Belking,2
https://habr.com/ru/post/442846/,Javian,2
https://habr.com/ru/post/442846/,RedFirefly,2
https://habr.com/ru/post/442846/,saboteur_kiev,2
https://habr.com/ru/post/442846/,NeocortexLab,2
https://habr.com/ru/post/442846/,Infernion,2
https://habr.com/ru/post/442846/,QwertyOFF,2
https://habr.com/ru/post/442846/,tyomitch,2
https://habr.com/ru/post/442846/,shurricken,2
https://habr.com/ru/post/442846/,vin2809,2
https://habr.com/ru/post/442846/,Paskin,2
https://habr.com/ru/post/442846/,AVDerov,2
https://habr.com/ru/post/442846/,multiadmin,2
https://habr.com/ru/post/442846/,StrangerInTheKy,2
https://habr.com/ru/post/442846/,Zoolander,2
https://habr.com/ru/post/442846/,vassabi,2
https://habr.com/ru/post/442846/,da-nie,2
https://habr.com/ru/post/442846/,sshmakov,2
https://habr.com/ru/post/442846/,achekalin,2
https://habr.com/ru/post/442846/,Newm,2
https://habr.com/ru/post/442846/,deitry,2
https://habr.com/ru/post/442846/,VitalyNasennik,2
https://habr.com/ru/post/442846/,AntonSor,1
https://habr.com/ru/post/442846/,eteh,1
https://habr.com/ru/post/442846/,Urvdmih,1
https://habr.com/ru/post/442846/,AI4,1
https://habr.com/ru/post/442846/,Winnie_The_Pooh,1
https://habr.com/ru/post/442846/,EugeneButrik,1
https://habr.com/ru/post/442846/,balexa,1
https://habr.com/ru/post/442846/,Jef239,1
https://habr.com/ru/post/442846/,Dorogonov_DA,1
https://habr.com/ru/post/442846/,MacIn,1
https://habr.com/ru/post/442846/,Valerij56,1
https://habr.com/ru/post/442846/,slavae,1
https://habr.com/ru/post/442846/,dididididi,1
https://habr.com/ru/post/442846/,kinall,1
https://habr.com/ru/post/442846/,Errbis,1
https://habr.com/ru/post/442846/,Sergey371,1
https://habr.com/ru/post/442846/,megazloj,1
https://habr.com/ru/post/442846/,maslyaev,1
https://habr.com/ru/post/442846/,alexinator,1
https://habr.com/ru/post/442846/,hardegor,1
https://habr.com/ru/post/442846/,bidl,1
https://habr.com/ru/post/442846/,acmnu,1
https://habr.com/ru/post/442846/,RedTalon,1
https://habr.com/ru/post/442846/,Vitalley,1
https://habr.com/ru/post/442846/,mSnus,1
https://habr.com/ru/post/442846/,LeonidI,1
https://habr.com/ru/post/442846/,dom1n1k,1
https://habr.com/ru/post/442846/,SergeyMax,1
https://habr.com/ru/post/442846/,goldrobot,1
https://habr.com/ru/post/442846/,Andrey_Dolg,1
https://habr.com/ru/post/442846/,shrimo,1
https://habr.com/ru/post/442846/,saege5b,1
https://habr.com/ru/post/442846/,anprs,1
https://habr.com/ru/post/442846/,Nepherhotep,1
https://habr.com/ru/post/442846/,baruk,1
https://habr.com/ru/post/442846/,Beshere,1
https://habr.com/ru/post/442846/,eefadeev,1
https://habr.com/ru/post/442846/,mayorovp,1
https://habr.com/ru/post/442846/,omega-hyperon,1
https://habr.com/ru/post/442846/,jrthwk,1
https://habr.com/ru/post/442846/,welga,1
https://habr.com/ru/post/442846/,Timoffeus,1
https://habr.com/ru/post/442846/,YuryVin,1
https://habr.com/ru/post/442846/,Sterling_Archer,1
https://habr.com/ru/post/442846/,rjhdby,1
https://habr.com/ru/post/442846/,xFFFF,1
https://habr.com/ru/post/442846/,serf,1
https://habr.com/ru/post/442846/,4110,1
https://habr.com/ru/post/442846/,noonv,1
https://habr.com/ru/post/442846/,teemour,1
https://habr.com/ru/post/442846/,funca,1
https://habr.com/ru/post/442846/,aleksandros,1
https://habr.com/ru/post/442846/,reinvent,1
https://habr.com/ru/post/442846/,vitaliy31,1
https://habr.com/ru/post/442846/,x67,1
https://habr.com/ru/post/442846/,Awoody,1
https://habr.com/ru/post/442846/,genuimous,1
https://habr.com/ru/post/442846/,blackstrip,1
https://habr.com/ru/post/442846/,FirsofMaxim,1
https://habr.com/ru/post/442846/,artimoha,1
https://habr.com/ru/post/442846/,Pavia00,1
https://habr.com/ru/post/442846/,artiom_n,1
https://habr.com/ru/post/442846/,Daddy_Cool,1
https://habr.com/ru/post/442846/,Buhram,1
https://habr.com/ru/post/442846/,telpos,1
https://habr.com/ru/post/442846/,chebo,1
